0,first name,surname,card number,CVV,expiry date
1,John,Smith,4012888888881881,005,02/25
2,Gorge,Tones,5105105105105100,406,04/26
3,Olivia,Taylor,5610591081018250,112,08/23
4,Luke,Bowgosh,6011000990139424,789,01/24
5,Emily,Downing,4111111111111111,414,09/23
6,Derek,Brown,3530111333300000,951,03/24'
7,Michael,Williams,6011111111111117,963,07/26
8,Olivier,Wilson,3566002020360505,558,06/24
9,Amanda,Struss,5019717010103742,998,07/25
10,Daniel,Redcliff,6331101999990016,455,11/26
11,John,Smith,4556409468433159,105,07/24
12,Fred,Smith,4556057804057206,115,07/24
